fold,case_number,label_true,label_pred,probabilidad
1,3386,leve,moderado,0.5497351760665575
1,3559,leve,moderado,0.6182902107636133
1,3591,moderado,moderado,0.6835543463627497
1,3593,moderado,moderado,0.6414527843395869
1,3824,leve,leve,0.4603434254725774
1,3832,moderado,moderado,0.5858869353930155
1,3863,moderado,moderado,0.662197565038999
2,3386,leve,moderado,0.6620301107565562
2,3559,leve,moderado,0.6258392681678137
2,3591,moderado,moderado,0.6411700199047724
2,3593,moderado,moderado,0.6745292643706003
2,3824,leve,moderado,0.6138932605584463
2,3832,moderado,moderado,0.6320280283689499
2,3863,moderado,moderado,0.7106429288784663
3,3386,leve,moderado,0.838773695131143
3,3559,leve,moderado,0.9789705326159795
3,3591,moderado,moderado,0.9548501074314117
3,3593,moderado,moderado,0.999927818775177
3,3824,leve,leve,0.26428269495954737
3,3832,moderado,moderado,0.9895561784505844
3,3863,moderado,moderado,0.9998455494642258
4,3386,leve,moderado,0.868309460580349
4,3559,leve,moderado,0.9944022496541342
4,3591,moderado,moderado,0.9874351720015208
4,3593,moderado,moderado,0.8589680194854736
4,3824,leve,leve,0.18251753396786322
4,3832,moderado,moderado,0.8356188597778479
4,3863,moderado,moderado,0.9785910000403722
5,3386,leve,moderado,0.8570575738946596
5,3559,leve,moderado,0.8550796881318092
5,3591,moderado,moderado,0.6164300926029682
5,3593,moderado,moderado,0.9274044086535772
5,3824,leve,leve,0.33736576202015084
5,3832,moderado,moderado,0.9438334256410599
5,3863,moderado,moderado,0.9131509363651276
